source	time	heading	story	url
Forbes	1549286100	Why There Will Be No Data Science Job Titles By 2029	There will be no data science job listings in about 10 years, and here is why. There are no MBA jobs in 2019, just like there are no computer science jobs. MBAs ...	https://news.google.com/articles/CAIiEE-NJ2zOMRbYrWijhBSz9l8qFQgEKg0IACoGCAowrqkBMKBFMMGBAg?hl=en-IN&gl=IN&ceid=IN%3Aen
The Indian Express	1549780280	Data science, AI professionals in demand in 2019: Report	Top tech recruiters are increasingly looking for people with expertise in artificial intelligence (AI) and data science, according to online job portal shine.com.	https://news.google.com/articles/CAIiEN0G8GMdy93jnd4u6tIpdwkqGAgEKg8IACoHCAow3rvTBDD89X4w8YzmBQ?hl=en-IN&gl=IN&ceid=IN%3Aen
InformationWeek	1547625600	Predictions: 2019 Data Science Jobs Market	Take a look at the forces shaping the job market for data scientists and AI experts, according to a leading quantitative executive recruitment specialist.	https://news.google.com/articles/CBMigQFodHRwczovL3d3dy5pbmZvcm1hdGlvbndlZWsuY29tL3N0cmF0ZWdpYy1jaW8vdGVhbS1idWlsZGluZy1hbmQtc3RhZmZpbmcvcHJlZGljdGlvbnMtMjAxOS1kYXRhLXNjaWVuY2Utam9icy1tYXJrZXQvZC9kLWlkLzEzMzM2NTnSAQA?hl=en-IN&gl=IN&ceid=IN%3Aen
TechRepublic	1547712000	Data science jobs up 29% this year, these cities pay pros the most	Demand for data scientists continues to grow, as average salaries for these positions often soar over $100000, according to Indeed.	https://news.google.com/articles/CBMiZmh0dHBzOi8vd3d3LnRlY2hyZXB1YmxpYy5jb20vYXJ0aWNsZS9kYXRhLXNjaWVuY2Utam9icy11cC0yOS10aGlzLXllYXItdGhlc2UtY2l0aWVzLXBheS1wcm9zLXRoZS1tb3N0L9IBvgFodHRwczovL3d3dy10ZWNocmVwdWJsaWMtY29tLmNkbi5hbXBwcm9qZWN0Lm9yZy92L3Mvd3d3LnRlY2hyZXB1YmxpYy5jb20vZ29vZ2xlLWFtcC9hcnRpY2xlL2RhdGEtc2NpZW5jZS1qb2JzLXVwLTI5LXRoaXMteWVhci10aGVzZS1jaXRpZXMtcGF5LXByb3MtdGhlLW1vc3QvP2FtcF9qc192PTAuMSN3ZWJ2aWV3PTEmY2FwPXN3aXBl?hl=en-IN&gl=IN&ceid=IN%3Aen
The Business Journals	1549372320	IBM charts a new path to fill 151K data scientist jobs - Bizwomen	The ratio of men to women in data science jobs is currently about 3 to 1.	https://news.google.com/articles/CBMifWh0dHBzOi8vd3d3LmJpempvdXJuYWxzLmNvbS9iaXp3b21lbi9uZXdzL2xhdGVzdC1uZXdzLzIwMTkvMDIvaWJtLWNoYXJ0cy1hLW5ldy1wYXRoLXRvLWZpbGwtMTUxay1kYXRhLXNjaWVudGlzdC5odG1sP3BhZ2U9YWxs0gEA?hl=en-IN&gl=IN&ceid=IN%3Aen
Technology Times Pakistan	1549453980	Why there will be no 'Data Science' job titles by 2029	About 10 years, there will be no data science job and MBA jobs. Here is why. MBAs, computer degrees and data science degrees are degrees, not jobs.	https://news.google.com/articles/CBMiP2h0dHBzOi8vd3d3LnRlY2hub2xvZ3l0aW1lcy5way9uby1kYXRhLXNjaWVuY2Utam9iLXRpdGxlcy0yMDI5L9IBAA?hl=en-IN&gl=IN&ceid=IN%3Aen
Dataconomy	1548316800	Snapshot: Data Scientist Salaries and Jobs in Europe	Here is what a recent report says about job opportunities for Data Scientists across Europe including salaries and benefits, job motivations, programming ...	https://news.google.com/articles/CBMiU2h0dHBzOi8vZGF0YWNvbm9teS5jb20vMjAxOS8wMS9zbmFwc2hvdC1kYXRhLXNjaWVudGlzdC1zYWxhcmllcy1hbmQtam9icy1pbi1ldXJvcGUv0gEA?hl=en-IN&gl=IN&ceid=IN%3Aen
Economic Times	1548144000	Big Data, machine learning, data science to drive top job opportunities: Report	KOLKATA: Big Data, machine learning and data science will drive top job opportunities this year, says the Salary Benchmark 2019 report by professional ...	https://news.google.com/articles/CAIiEKq920KMyNxhnly12HLma9MqGQgEKhAIACoHCAow2pqGCzD954MDMJGlmgY?hl=en-IN&gl=IN&ceid=IN%3Aen
Guardian Nigeria	1549814400	ICT company collaborates with Amazon to empower 400 youths on AI,data science skills	An Information Communication Technology (ICT) company, Coven Works, says it is collaborating with Amazon to equip 400 youths in West Africa with Artificial ...	https://news.google.com/articles/CAIiECX6VLWxRkTa3gwdevzL2Y4qGQgEKhAIACoHCAow5tb5CjCzyuYCMJvDuAU?hl=en-IN&gl=IN&ceid=IN%3Aen
Yahoo Finance UK	1547625600	Data Scientist: A Hot Job That Pays Well	Back in 2012, the Harvard Business Review called data scientist “the sexiest job of the 21st Century.” Six years later, the data scientist job has only grown sexier.	https://news.google.com/articles/CBMiSWh0dHBzOi8vZmluYW5jZS55YWhvby5jb20vbmV3cy9kYXRhLXNjaWVudGlzdC1ob3Qtam9iLXBheXMtMDUwMTU5NTc5Lmh0bWzSAQA?hl=en-IN&gl=IN&ceid=IN%3Aen
CIO Dive	1549294644	IBM's data scientist certification program works to fill talent drought	First Published on. Dive Brief: IBM and global tech consortium The Open Group are partnering on a data science certification to help grow the data science talent ...	https://news.google.com/articles/CBMia2h0dHBzOi8vd3d3LmNpb2RpdmUuY29tL25ld3MvaWJtcy1kYXRhLXNjaWVudGlzdC1jZXJ0aWZpY2F0aW9uLXByb2dyYW0td29ya3MtdG8tZmlsbC10YWxlbnQtZHJvdWdodC81NDc1MzEv0gEA?hl=en-IN&gl=IN&ceid=IN%3Aen
Technical.ly	1549551660	Flatiron School is launching a Data Science Fellowship in the District, accepting applications	The coding bootcamp is offering a 15-week program where participants will learn the practical skills to become data scientists and land a job at the conclusion of ...	https://news.google.com/articles/CBMigQFodHRwczovL3RlY2huaWNhbC5seS9kYy8yMDE5LzAyLzA3L2ZsYXRpcm9uLXNjaG9vbC1pcy1sYXVuY2hpbmctYS1kYXRhLXNjaWVuY2UtZmVsbG93c2hpcC1pbi10aGUtZGlzdHJpY3QtYWNjZXB0aW5nLWFwcGxpY2F0aW9ucy_SAQA?hl=en-IN&gl=IN&ceid=IN%3Aen
Analytics India Magazine	1549518300	Why Learning Data Visualization Should Be On Every Data Science Aspirant's Radar	Analytix Lab's Business Analytics 360 is aimed at beginners who need to upskill the basics of Excel, SQL, Tableau and learn advanced tools like SAS, Python.	https://news.google.com/articles/CAIiEBUbEdHlZMt5jy36jzOczV0qGQgEKhAIACoHCAowiv6GCzDhmIUDMKKElgY?hl=en-IN&gl=IN&ceid=IN%3Aen
SDxCentral	1548748800	IBM and Google Create New Certifications for Data Scientist and Cloud Skills	IBM and Google have recently launched new certification programs for data scientist and cloud skills as demand continues to surge.	https://news.google.com/articles/CBMifmh0dHBzOi8vd3d3LnNkeGNlbnRyYWwuY29tL2FydGljbGVzL25ld3MvaWJtLWFuZC1nb29nbGUtY3JlYXRlLW5ldy1jZXJ0aWZpY2F0aW9ucy1mb3ItZGF0YS1zY2llbnRpc3QtYW5kLWNsb3VkLXNraWxscy8yMDE5LzAxL9IBzQFodHRwczovL3d3dy1zZHhjZW50cmFsLWNvbS5jZG4uYW1wcHJvamVjdC5vcmcvdi9zL3d3dy5zZHhjZW50cmFsLmNvbS9hcnRpY2xlcy9uZXdzL2libS1hbmQtZ29vZ2xlLWNyZWF0ZS1uZXctY2VydGlmaWNhdGlvbnMtZm9yLWRhdGEtc2NpZW50aXN0LWFuZC1jbG91ZC1za2lsbHMvMjAxOS8wMS9hbXAvP2FtcF9qc192PTAuMSN3ZWJ2aWV3PTEmY2FwPXN3aXBl?hl=en-IN&gl=IN&ceid=IN%3Aen
City A.M.	1549845360	City Moves for 11 February – who's switching jobs at Quickbooks, Trowers & Hamlins and Just Eat?	Today's City Moves cover Quickbooks, Trowers & Hamlins and Just Eat.	https://news.google.com/articles/CBMiUmh0dHA6Ly93d3cuY2l0eWFtLmNvbS8yNzMwMzcvY2l0eS1tb3Zlcy0xMS1mZWJydWFyeS13aG9zLXN3aXRjaGluZy1qb2JzLXF1aWNrYm9va3PSAQA?hl=en-IN&gl=IN&ceid=IN%3Aen
TDWI	1548316800	Data Digest: Trends in Data Privacy, Data Science Hiring, and Second Jobs	Why data privacy is important in 2019, how the data science job market is going, and popular side jobs.	https://news.google.com/articles/CBMiPWh0dHBzOi8vdGR3aS5vcmcvYXJ0aWNsZXMvMjAxOS8wMS8yNC9hZHYtYWxsLXRyZW5kcy0wMTI0LmFzcHjSAQA?hl=en-IN&gl=IN&ceid=IN%3Aen
Analytics India Magazine	1548316800	Is It Possible To Learn Data Science & Machine Learning Without Mathematics?	Whether is it mandatory or not to know mathematics before the dreamers step their foot in the world of data science and machine learning.	https://news.google.com/articles/CAIiELAd5FMe6420HKufMgIKDhQqGQgEKhAIACoHCAowiv6GCzDhmIUDMKKElgY?hl=en-IN&gl=IN&ceid=IN%3Aen
Chron.com	1548403200	Flatiron School to open data science boot camp in Houston	Flatiron School, the coding school owned by WeWork, is opening a data science boot camp in Houston. Boot camps have become a popular way to learn new ...	https://news.google.com/articles/CBMiZ2h0dHBzOi8vd3d3LmNocm9uLmNvbS90ZWNoYnVyZ2VyL2FydGljbGUvRmxhdGlyb24tU2Nob29sLXRvLW9wZW4tZGF0YS1zY2llbmNlLWJvb3QtY2FtcC1pbi0xMzU2MTEwNi5waHDSAakBaHR0cHM6Ly93d3ctY2hyb24tY29tLmNkbi5hbXBwcm9qZWN0Lm9yZy92L3Mvd3d3LmNocm9uLmNvbS90ZWNoYnVyZ2VyL2FtcC9GbGF0aXJvbi1TY2hvb2wtdG8tb3Blbi1kYXRhLXNjaWVuY2UtYm9vdC1jYW1wLWluLTEzNTYxMTA2LnBocD9hbXBfanNfdj0wLjEjd2Vidmlldz0xJmNhcD1zd2lwZQ?hl=en-IN&gl=IN&ceid=IN%3Aen
Business Daily	1549795830	NEWS INDEPTH: Women in Kenya closing gender gap in science	The number of women in science and technical professions in Kenya has increased steadily, raising hope of bridging the gender gap in a segment skewed in ...	https://news.google.com/articles/CBMifGh0dHBzOi8vd3d3LmJ1c2luZXNzZGFpbHlhZnJpY2EuY29tL2RhdGFodWIvV29tZW4taW4tS2VueWEtY2xvc2luZy1nZW5kZXItZ2FwLWluLXNjaWVuY2UtLzM4MTU0MTgtNDk3NTM0MC1hNWRrc2t6L2luZGV4Lmh0bWzSAQA?hl=en-IN&gl=IN&ceid=IN%3Aen
Raleigh News & Observer	1549574040	Infosys partners with NC State to train its newest hires in data science	One of the reasons North Carolina was able to convince information technology company Infosys to expand in Raleigh — besides $25 million in incentives ...	https://news.google.com/articles/CAIiEJrAgaFrk0NmUb9NXo3k-_sqGQgEKhAIACoHCAownob-CjCUzPYCMK_h3AU?hl=en-IN&gl=IN&ceid=IN%3Aen
Rigzone	1549553052	Oil and Gas Employment Starts 2019 Positively	This time two years ago, the oil and gas industry was lamenting job losses due to the downturn and many disconcerted oil and gas professionals sought out ...	https://news.google.com/articles/CBMibmh0dHBzOi8vd3d3LnJpZ3pvbmUuY29tL25ld3Mvb2lsX2FuZF9nYXNfZW1wbG95bWVudF9zdGFydHNfMjAxOV9wb3NpdGl2ZWx5LTA3LWZlYi0yMDE5LTE1ODEwNC1hcnRpY2xlLz9hbGw9aGcy0gEA?hl=en-IN&gl=IN&ceid=IN%3Aen
Forbes	1549537080	Google Decision Scientist Splits AI Science, From Science Fiction	We're writing about and discussing Artificial Intelligence (AI) all the time now. What's really going on currently is a human understanding process where we're ...	https://news.google.com/articles/CAIiEGX62EVf_NTT1on5y49SyyQqFQgEKg0IACoGCAowrqkBMKBFMMGBAg?hl=en-IN&gl=IN&ceid=IN%3Aen
Charlottesville Tomorrow	1547798400	Planned data science school backed by largest ever gift to UVa	The University of Virginia plans to use the largest private gift in the institution's history to establish a school of data science. “There's no doubt that our.	https://news.google.com/articles/CBMiZ2h0dHBzOi8vd3d3LmN2aWxsZXRvbW9ycm93Lm9yZy9hcnRpY2xlcy9wbGFubmVkLWRhdGEtc2NpZW5jZS1zY2hvb2wtYmFja2VkLWJ5LWxhcmdlc3QtZXZlci1naWZ0LXRvLXV2YS_SAQA?hl=en-IN&gl=IN&ceid=IN%3Aen
GOV.UK	1549844121	Minister calls to dispel girls' misconceptions of STEM subjects	School Standards Minister Nick Gibb has called on teachers, parents and society in general to challenge and dispel misconceptions some girls have about ...	https://news.google.com/articles/CBMiYWh0dHBzOi8vd3d3Lmdvdi51ay9nb3Zlcm5tZW50L25ld3MvbWluaXN0ZXItY2FsbHMtdG8tZGlzcGVsLWdpcmxzLW1pc2NvbmNlcHRpb25zLW9mLXN0ZW0tc3ViamVjdHPSAQA?hl=en-IN&gl=IN&ceid=IN%3Aen
Monmouth Daily Review Atlas	1549810705	Business Briefs: Veterinary board; Cottage Hospital leadership; stroke center; Willhardt dean at MC	Lewis named to state veterinary board SPRINGFIELD — As the Illinois Legislature begins its new term in 2019, several veterinarians from around Illinois are ...	https://news.google.com/articles/CBMiiQFodHRwczovL3d3dy5yZXZpZXdhdGxhcy5jb20vbmV3cy8yMDE5MDIxMC9idXNpbmVzcy1icmllZnMtdmV0ZXJpbmFyeS1ib2FyZC1jb3R0YWdlLWhvc3BpdGFsLWxlYWRlcnNoaXAtc3Ryb2tlLWNlbnRlci13aWxsaGFyZHQtZGVhbi1hdC1tY9IB5QFodHRwczovL3d3dy1yZXZpZXdhdGxhcy1jb20uY2RuLmFtcHByb2plY3Qub3JnL3Yvcy93d3cucmV2aWV3YXRsYXMuY29tL25ld3MvMjAxOTAyMTAvYnVzaW5lc3MtYnJpZWZzLXZldGVyaW5hcnktYm9hcmQtY290dGFnZS1ob3NwaXRhbC1sZWFkZXJzaGlwLXN0cm9rZS1jZW50ZXItd2lsbGhhcmR0LWRlYW4tYXQtbWM_dGVtcGxhdGU9YW1wYXJ0JmFtcF9qc192PTAuMSN3ZWJ2aWV3PTEmY2FwPXN3aXBl?hl=en-IN&gl=IN&ceid=IN%3Aen
Press Herald	1549623600	Maine's newest and biggest public company plans to bring 1200 jobs to Portland	A new publicly traded company that launched in Portland on Friday plans to bring 1,200 new jobs to a downtown headquarters that is under construction, ...	https://news.google.com/articles/CBMiaGh0dHBzOi8vd3d3LnByZXNzaGVyYWxkLmNvbS8yMDE5LzAyLzA4L25ldy1hbmltYWwtaGVhbHRoLXRlY2gtZmlybS1wbGFucy10by1icmluZy0xMjAwLWpvYnMtdG8tcG9ydGxhbmQv0gEA?hl=en-IN&gl=IN&ceid=IN%3Aen
Firstpost	1549459609	Education, training sectors may witness increase in hiring this year; top metros to remain as major job...	For this survey, Shine.com leveraged its pool of data collated over the past year to map the Indian hiring landscape, focusing on key growth regions and ...	https://news.google.com/articles/CAIiEONfQApGNZyd3XzS29heq9AqFwgEKg8IACoHCAow5v6PATDrwA8wzuge?hl=en-IN&gl=IN&ceid=IN%3Aen
The Scotsman	1549864804	Between The Lines: Hope for Scots finance sector	The recent events of Westminster and Brussels have led to a sombre atmosphere amongst many businesses, but especially in financial services (FS). A sector ...	https://news.google.com/articles/CBMiX2h0dHBzOi8vd3d3LnNjb3RzbWFuLmNvbS9uZXdzL29waW5pb24vYmV0d2Vlbi10aGUtbGluZXMtaG9wZS1mb3Itc2NvdHMtZmluYW5jZS1zZWN0b3ItMS00ODcwMjU50gGsAWh0dHBzOi8vd3d3LXNjb3RzbWFuLWNvbS5jZG4uYW1wcHJvamVjdC5vcmcvdi9zL3d3dy5zY290c21hbi5jb20vbmV3cy9vcGluaW9uL2JldHdlZW4tdGhlLWxpbmVzLWhvcGUtZm9yLXNjb3RzLWZpbmFuY2Utc2VjdG9yLTEtNDg3MDI1OS9hbXA_YW1wX2pzX3Y9MC4xI3dlYnZpZXc9MSZjYXA9c3dpcGU?hl=en-IN&gl=IN&ceid=IN%3Aen
The Predictive Analytics Times	1549364420	Dr. Data Video: Five Ways Your Safety Depends on Machine Learning	In this episode of The Dr. Data Show, Eric Siegel tells you about five ways your safety depends on machine learning, which actively protects you from all sorts of ...	https://news.google.com/articles/CBMid2h0dHBzOi8vd3d3LnByZWRpY3RpdmVhbmFseXRpY3N3b3JsZC5jb20vcGF0aW1lcy9kci1kYXRhLXZpZGVvLWZpdmUtd2F5cy15b3VyLXNhZmV0eS1kZXBlbmRzLW9uLW1hY2hpbmUtbGVhcm5pbmcvMTAwMTQv0gEA?hl=en-IN&gl=IN&ceid=IN%3Aen
People Matters	1549866130	Here are a few HR tech startups to look forward to at TechHR Singapore	HR tech startups from countries like Singapore the US and Russia will participate in the upcoming People Matters TechHR Startup Program and showcase their ...	https://news.google.com/articles/CBMifWh0dHBzOi8vd3d3LnBlb3BsZW1hdHRlcnMuaW4vYXJ0aWNsZS90ZWNoaHItMjAxOS9oZXJlLWFyZS1hLWZldy1oci10ZWNoLXN0YXJ0dXBzLXRvLWxvb2stZm9yd2FyZC10by1hdC10ZWNoaHItc2luZ2Fwb3JlLTIwNzky0gHGAWh0dHBzOi8vd3d3LXBlb3BsZW1hdHRlcnMtaW4uY2RuLmFtcHByb2plY3Qub3JnL3Yvcy93d3cucGVvcGxlbWF0dGVycy5pbi9hbXAtdGVjaGhyLTIwMTktaGVyZS1hcmUtYS1mZXctaHItdGVjaC1zdGFydHVwcy10by1sb29rLWZvcndhcmQtdG8tYXQtdGVjaGhyLXNpbmdhcG9yZS0yMDc5Mj9hbXBfanNfdj0wLjEjd2Vidmlldz0xJmNhcD1zd2lwZQ?hl=en-IN&gl=IN&ceid=IN%3Aen
insideHPC	1549817460	Argonne Looks to Singularity for HPC Code Portability	Over at Argonne, Nils Heinonen writes that Researchers are using the open source Singularity framework as a kind of Rosetta Stone for running supercomputing ...	https://news.google.com/articles/CBMiVGh0dHBzOi8vaW5zaWRlaHBjLmNvbS8yMDE5LzAyL2FyZ29ubmUtbG9va3MtdG8tc2luZ3VsYXJpdHktZm9yLWhwYy1jb2RlLXBvcnRhYmlsaXR5L9IBAA?hl=en-IN&gl=IN&ceid=IN%3Aen
GOV.UK	1549632503	UK Hydrographic Office welcomes Secretary of State for Defence to Taunton	The UK Hydrographic Office (UKHO) has today welcomed the UK's Secretary of State for Defence, the Rt Hon Gavin Williamson CBE MP, to its Taunton ...	https://news.google.com/articles/CBMibGh0dHBzOi8vd3d3Lmdvdi51ay9nb3Zlcm5tZW50L25ld3MvdWstaHlkcm9ncmFwaGljLW9mZmljZS13ZWxjb21lcy1zZWNyZXRhcnktb2Ytc3RhdGUtZm9yLWRlZmVuY2UtdG8tdGF1bnRvbtIBAA?hl=en-IN&gl=IN&ceid=IN%3Aen
Gadgets Now	1539673200	50,000+ data science, AI Jobs vacant due to shortage of talent: Report	the market has twice the number of jobs as jobseekers, indicating an urgent need for professionals to upskill, said the study by online and hybrid education ...	https://news.google.com/articles/CAIiEM-wgKBRjD_BWIoA3SzlEukqGQgEKhAIACoHCAowv9f9CjCs1fUCMNfb8wU?hl=en-IN&gl=IN&ceid=IN%3Aen
People Matters	1549673002	Sylvie Nicol to succeed Kathrin Menges as EVP for HR of Henkel	Sylvie Nicol currently Corporate Senior Vice President Global Human Resources, has been appointed to the Henkel Management Board. Effective April 9, 2019, ...	https://news.google.com/articles/CBMihwFodHRwczovL3d3dy5wZW9wbGVtYXR0ZXJzLmluL25ld3MvYXBwb2ludG1lbnRzL3N5bHZpZS1uaWNvbC10by1zdWNjZWVkLWthdGhyaW4tbWVuZ2VzLWFzLWV4ZWN1dGl2ZS12aWNlLXByZXNpZGVudC1odW1hbi1yZXNvdXJjZXMtMjA3ODLSAdMBaHR0cHM6Ly93d3ctcGVvcGxlbWF0dGVycy1pbi5jZG4uYW1wcHJvamVjdC5vcmcvdi9zL3d3dy5wZW9wbGVtYXR0ZXJzLmluL2FtcC1hcHBvaW50bWVudHMtc3lsdmllLW5pY29sLXRvLXN1Y2NlZWQta2F0aHJpbi1tZW5nZXMtYXMtZXhlY3V0aXZlLXZpY2UtcHJlc2lkZW50LWh1bWFuLXJlc291cmNlcy0yMDc4Mj9hbXBfanNfdj0wLjEjd2Vidmlldz0xJmNhcD1zd2lwZQ?hl=en-IN&gl=IN&ceid=IN%3Aen
YourStory	1545811200	[Jobs Roundup] Best data science jobs up for grabs	Data science is one of the hottest sectors around the world as many companies are trying to leverage the full potential of data at their disposal.	https://news.google.com/articles/CAIiEEDS1YJq19Ryhg-2CIdgWr0qGQgEKhAIACoHCAow6-iECzC_7YEDMIfQhAY?hl=en-IN&gl=IN&ceid=IN%3Aen
Analytics India Magazine	1546588800	It Might Not Be Your Dream Data Science Job If It Lacks These 4 Things	The data science industry will be constantly growing in coming years,but staying away from the herd and choosing right kind of data science job is crucial.	https://news.google.com/articles/CAIiEOsbs1SXZgREy4PP8kcB1yAqGQgEKhAIACoHCAowiv6GCzDhmIUDMKKElgY?hl=en-IN&gl=IN&ceid=IN%3Aen
Analytics India Magazine	1543910400	Five Data Science Job Opportunities At Microsoft India That You Should Not Miss Out On	Latest data science job openings at Microsoft India offices and list of sources to help you prepare for the interview.	https://news.google.com/articles/CAIiEHni2nD_7ifTU2v4DAM8GegqGQgEKhAIACoHCAowiv6GCzDhmIUDMKKElgY?hl=en-IN&gl=IN&ceid=IN%3Aen
TechGenix	1540191600	Prepare to get your first data science job — A guide	In reality, a data science job for entry-level aspirants can be like finding a needle in a haystack. So how do you snag one? Read on and find out.	https://news.google.com/articles/CBMiJmh0dHA6Ly90ZWNoZ2VuaXguY29tL2RhdGEtc2NpZW5jZS1qb2Iv0gFvaHR0cHM6Ly90ZWNoZ2VuaXgtY29tLmNkbi5hbXBwcm9qZWN0Lm9yZy92L3RlY2hnZW5peC5jb20vZGF0YS1zY2llbmNlLWpvYi9hbXAvP2FtcF9qc192PTAuMSN3ZWJ2aWV3PTEmY2FwPXN3aXBl?hl=en-IN&gl=IN&ceid=IN%3Aen
TechRepublic	1547107200	Why data scientist is the most promising job of 2019	Data scientists saw a 56% increase in job openings in the US over the past year, according to LinkedIn.	https://news.google.com/articles/CBMiWmh0dHBzOi8vd3d3LnRlY2hyZXB1YmxpYy5jb20vYXJ0aWNsZS93aHktZGF0YS1zY2llbnRpc3QtaXMtdGhlLW1vc3QtcHJvbWlzaW5nLWpvYi1vZi0yMDE5L9IBsgFodHRwczovL3d3dy10ZWNocmVwdWJsaWMtY29tLmNkbi5hbXBwcm9qZWN0Lm9yZy92L3Mvd3d3LnRlY2hyZXB1YmxpYy5jb20vZ29vZ2xlLWFtcC9hcnRpY2xlL3doeS1kYXRhLXNjaWVudGlzdC1pcy10aGUtbW9zdC1wcm9taXNpbmctam9iLW9mLTIwMTkvP2FtcF9qc192PTAuMSN3ZWJ2aWV3PTEmY2FwPXN3aXBl?hl=en-IN&gl=IN&ceid=IN%3Aen
Techopedia	1541577600	Job Role: Data Scientist	What does a data scientist do in the context of artificial intelligence and machine learning work? A better question is: What do data scientists NOT do?	https://news.google.com/articles/CBMiOmh0dHBzOi8vd3d3LnRlY2hvcGVkaWEuY29tL2pvYi1yb2xlLWRhdGEtc2NpZW50aXN0LzIvMzM1NzPSAQA?hl=en-IN&gl=IN&ceid=IN%3Aen
Analytics India Magazine	1537254000	When Did It Become So Difficult To Land A Job In Data Science?	The analytics job scenario in India has improved substantially. Even with the skill enhancement being the chief priority among employers and leading ...	https://news.google.com/articles/CAIiEI1Vp5vGh2-PD81B5w5CuMoqGQgEKhAIACoHCAowiv6GCzDhmIUDMKKElgY?hl=en-IN&gl=IN&ceid=IN%3Aen
Business Today	1539673200	Over 50,000 jobs in data science, machine learning vacant in India: Report	Data science and machines learning are hot topics of the season, but as more and more companies are trying to tap these new technologies, the dearth of talent ...	https://news.google.com/articles/CBMicmh0dHBzOi8vd3d3LmJ1c2luZXNzdG9kYXkuaW4vbGF0ZXN0L3RyZW5kcy9qb2JzLWluLWRhdGEtc2NpZW5jZS1tYWNoaW5lLWxlYXJuaW5nLXZhY2FudC1pbi1pbmRpYS9zdG9yeS8yODU0NDYuaHRtbNIBtAFodHRwczovL20tYnVzaW5lc3N0b2RheS1pbi5jZG4uYW1wcHJvamVjdC5vcmcvdi9zL20uYnVzaW5lc3N0b2RheS5pbi9saXRlL3N0b3J5L2pvYnMtaW4tZGF0YS1zY2llbmNlLW1hY2hpbmUtbGVhcm5pbmctdmFjYW50LWluLWluZGlhLzEvMjg1NDQ2Lmh0bWw_YW1wX2pzX3Y9MC4xI3dlYnZpZXc9MSZjYXA9c3dpcGU?hl=en-IN&gl=IN&ceid=IN%3Aen
Analytics India Magazine	1545984000	5 Things That Data Science Professionals Should Do To Get Hired	Data science is touted as the hottest career option in the 21st century.In this article, we will explain in detail certain tips and tweaks that is a must for every ...	https://news.google.com/articles/CAIiEJF40Zk6iqWIyUSMDJ7iS0UqGQgEKhAIACoHCAowiv6GCzDhmIUDMKKElgY?hl=en-IN&gl=IN&ceid=IN%3Aen
BusinessWorld Online	1546416000	Data science skills seen critical to future-proofing jobs — DoLE	THE labor department said equipping workers with data sciences and analytics (DSA) skills will be a good way of preparing enterprises for eventual automation, ...	https://news.google.com/articles/CBMiXGh0dHBzOi8vd3d3LmJ3b3JsZG9ubGluZS5jb20vZGF0YS1zY2llbmNlLXNraWxscy1zZWVuLWNyaXRpY2FsLXRvLWZ1dHVyZS1wcm9vZmluZy1qb2JzLWRvbGUv0gEA?hl=en-IN&gl=IN&ceid=IN%3Aen
Analytics Insight	1545552000	Applying for a Data Science Job? Here is How Your Resume Will Stand Out	You are scouting for an exciting job in Data Science, and know enough of statistics, machine learning, programming? Yes, the one document which will get you ...	https://news.google.com/articles/CBMiaGh0dHBzOi8vd3d3LmFuYWx5dGljc2luc2lnaHQubmV0L2FwcGx5aW5nLWZvci1hLWRhdGEtc2NpZW5jZS1qb2ItaGVyZS1pcy1ob3cteW91ci1yZXN1bWUtd2lsbC1zdGFuZC1vdXQv0gEA?hl=en-IN&gl=IN&ceid=IN%3Aen
Technical.ly Brooklyn	1544774400	On the Market: Dev and data science job openings in Baltimore	In this month's hiring column, check out open jobs from startups with *fresh* funding, and a local team looking to build new analytics capabilities. On the Market: ...	https://news.google.com/articles/CBMiZ2h0dHBzOi8vdGVjaG5pY2FsLmx5L2JhbHRpbW9yZS8yMDE4LzEyLzE0L29uLXRoZS1tYXJrZXQtZGV2LWFuZC1kYXRhLXNjaWVuY2Utam9iLW9wZW5pbmdzLWluLWJhbHRpbW9yZS_SAQA?hl=en-IN&gl=IN&ceid=IN%3Aen
Quartz	1543824000	Banks, telcos, e-commerce firms hire most data analysts in India	If you're a data analyst looking for a job with a bank, there's a better chance of you getting hired by a private bank than a public one. Private banking and ...	https://news.google.com/articles/CAIiEMNkjGjVFc__7W5IRkMbWc0qGAgEKg8IACoHCAowi4-MATDXsRUwhP2ZAg?hl=en-IN&gl=IN&ceid=IN%3Aen
InformationWeek	1544601600	The New Job Description for Data Scientists	As new tools help to automate data collection and cleaning, the role of data scientists is evolving into one where they deliver more value to their organizations.	https://news.google.com/articles/CBMiY2h0dHBzOi8vd3d3LmluZm9ybWF0aW9ud2Vlay5jb20vYmlnLWRhdGEvdGhlLW5ldy1qb2ItZGVzY3JpcHRpb24tZm9yLWRhdGEtc2NpZW50aXN0cy9hL2QtaWQvMTMzMzQ2OdIBAA?hl=en-IN&gl=IN&ceid=IN%3Aen
TechRepublic	1539068400	10 signs you may not be cut out for a data scientist job	The data scientist role has been attracting quite a bit of attention and interest--but if you're considering a job in that field, make sure you know what you're taking ...	https://news.google.com/articles/CBMiYGh0dHBzOi8vd3d3LnRlY2hyZXB1YmxpYy5jb20vYXJ0aWNsZS8xMC1zaWducy15b3UtbWlnaHQtbm90LWJlLWN1dC1vdXQtZm9yLWEtZGF0YS1zY2llbnRpc3Qtam9iL9IBuAFodHRwczovL3d3dy10ZWNocmVwdWJsaWMtY29tLmNkbi5hbXBwcm9qZWN0Lm9yZy92L3Mvd3d3LnRlY2hyZXB1YmxpYy5jb20vZ29vZ2xlLWFtcC9hcnRpY2xlLzEwLXNpZ25zLXlvdS1taWdodC1ub3QtYmUtY3V0LW91dC1mb3ItYS1kYXRhLXNjaWVudGlzdC1qb2IvP2FtcF9qc192PTAuMSN3ZWJ2aWV3PTEmY2FwPXN3aXBl?hl=en-IN&gl=IN&ceid=IN%3Aen
Analytics India Magazine	1535439600	How Data Scientists, The Hottest Job-Holders In Town, Are Being Subjected To Pressure And Dissent	We have often heard what to expect from a data scientist. But we never hear back from this cadre of “hottest job” holders as to what their biggest challenges at ...	https://news.google.com/articles/CAIiELbD5wJAWfRa2UfuFgK5gGkqGQgEKhAIACoHCAowiv6GCzDhmIUDMKKElgY?hl=en-IN&gl=IN&ceid=IN%3Aen
Analytics India Magazine	1542787200	Is Demand For ML Engineers Surpassing That Of Data Scientists?	While Data Scientist positions are much more common than Machine Learning Engineers, the demand for ML engineers is growing at a faster pace.	https://news.google.com/articles/CAIiEKlMYAN4FStV0-6sKiu3Nc0qGQgEKhAIACoHCAowiv6GCzDhmIUDMKKElgY?hl=en-IN&gl=IN&ceid=IN%3Aen
ITProPortal	1538550000	A snapshot of data scientist jobs around the world	If you have a PhD in computer science or statistics, you're in luck. Data science is one of the most in-demand skills in the workplace, and one of the best-paid, ...	https://news.google.com/articles/CBMiWGh0dHBzOi8vd3d3Lml0cHJvcG9ydGFsLmNvbS9mZWF0dXJlcy9hLXNuYXBzaG90LW9mLWRhdGEtc2NpZW50aXN0LWpvYnMtYXJvdW5kLXRoZS13b3JsZC_SAQA?hl=en-IN&gl=IN&ceid=IN%3Aen
Analytics India Magazine	1531378800	Calling Data Science Specialists - ZS Data Science Challenge 2018 Can Be Your Ticket To A Data Science Job!	For the third consecutive year, ZS a global sales and marketing firm, is excited to launch Data Science Challenge 2018 which is a pan India event inviting ...	https://news.google.com/articles/CBMiiwFodHRwczovL3d3dy5hbmFseXRpY3NpbmRpYW1hZy5jb20vY2FsbGluZy1kYXRhLXNjaWVuY2Utc3BlY2lhbGlzdHMtenMtZGF0YS1zY2llbmNlLWNoYWxsZW5nZS0yMDE4LWNhbi1iZS15b3VyLXRpY2tldC10by1hLWRhdGEtc2NpZW5jZS1qb2Iv0gEA?hl=en-IN&gl=IN&ceid=IN%3Aen
AZ Big Media	1538204400	10 awesome jobs in data science right now	Did you know that by 2024 the demand for data scientists is projected to outpace supply by 250,000 jobs? It has been six years since Harvard Business Review ...	https://news.google.com/articles/CBMiQWh0dHBzOi8vYXpiaWdtZWRpYS5jb20vMTAtYXdlc29tZS1qb2JzLWluLWRhdGEtc2NpZW5jZS1yaWdodC1ub3cv0gEA?hl=en-IN&gl=IN&ceid=IN%3Aen
Analytics India Magazine	1543305600	How To Start A Career In Data Science And Not Get Stuck In Dead-End Tech Jobs	Preparation for any career requires a lot of sweat and toil and in the case of data science, it is not restricted to performing well on the interview day alone.	https://news.google.com/articles/CAIiEMxzwf3IEjHgjuYZ8OWVYdUqGQgEKhAIACoHCAowiv6GCzDhmIUDMKKElgY?hl=en-IN&gl=IN&ceid=IN%3Aen
eFinancialCareers	1543305600	The mathematics you must learn for a job in data science and AI	If you aspire to find a job in data science and artificial intelligence, you're probably wondering how to allocate your time. - Should you focus on learning math(s), ...	https://news.google.com/articles/CBMiWmh0dHBzOi8vbmV3cy5lZmluYW5jaWFsY2FyZWVycy5jb20vZnItZW4vMzI5MTU5L21hdGgtZm9yLWRhdGEtc2NpZW5jZS1hbmQtbWFjaGluZS1sZWFybmluZ9IBAA?hl=en-IN&gl=IN&ceid=IN%3Aen
Analytics India Magazine	1540537200	Flexi-Staffing Is Slowly Catching Up With Data Science, But Is That A Good Trend	Flexi-staffing has become a commonplace term across industries as they are hiring people on contract and keeping them on a short-term project basis.	https://news.google.com/articles/CAIiEGLift2xqAaTcjxCVhumNRgqGQgEKhAIACoHCAowiv6GCzDhmIUDMKKElgY?hl=en-IN&gl=IN&ceid=IN%3Aen
insideBIGDATA	1534662000	Infographic: The Data Scientist Shortage	The supply of information stored digitally and accessible to web users worldwide currently amounts to around 4.4 Zettabytes or 4.4 Trillion Gigabytes. Of that ...	https://news.google.com/articles/CBMiSWh0dHBzOi8vaW5zaWRlYmlnZGF0YS5jb20vMjAxOC8wOC8xOS9pbmZvZ3JhcGhpYy1kYXRhLXNjaWVudGlzdC1zaG9ydGFnZS_SAQA?hl=en-IN&gl=IN&ceid=IN%3Aen
HBR.org Daily	1541491200	The Kinds of Data Scientist	In 2012, HBR dubbed data scientist “the sexiest job of the 21st century”. It is also, arguably, the vaguest. To hire the right people for the right roles, it's important ...	https://news.google.com/articles/CAIiEMd_snuXi0ecSwgz-klvNBsqFggEKg4IACoGCAow4pIQMLKJAjCbhQY?hl=en-IN&gl=IN&ceid=IN%3Aen
Forbes	1531724400	How Will Data Science Evolve Over The Next Decade?	How do you think data science will change over the next 10 years? This question was originally answered on Quora by Eric Mayefsky.	https://news.google.com/articles/CBMiYGh0dHBzOi8vd3d3LmZvcmJlcy5jb20vc2l0ZXMvcXVvcmEvMjAxOC8wNy8xNi9ob3ctd2lsbC1kYXRhLXNjaWVuY2UtZXZvbHZlLW92ZXItdGhlLW5leHQtZGVjYWRlL9IBqwFodHRwczovL3d3dy1mb3JiZXMtY29tLmNkbi5hbXBwcm9qZWN0Lm9yZy92L3Mvd3d3LmZvcmJlcy5jb20vc2l0ZXMvcXVvcmEvMjAxOC8wNy8xNi9ob3ctd2lsbC1kYXRhLXNjaWVuY2UtZXZvbHZlLW92ZXItdGhlLW5leHQtZGVjYWRlL2FtcC8_YW1wX2pzX3Y9MC4xI3dlYnZpZXc9MSZjYXA9c3dpcGU?hl=en-IN&gl=IN&ceid=IN%3Aen
Analytics India Magazine	1541404800	Here's How Data Science Career Fairs Can Fast-Track Your Job Hunt	Data science career fairs are largely unheard of because they are generally held with larger IT-themed career fairs, more popular among recruiters who look for ...	https://news.google.com/articles/CAIiEF135MnruMvAAV-J0k6rt4gqGQgEKhAIACoHCAowiv6GCzDhmIUDMKKElgY?hl=en-IN&gl=IN&ceid=IN%3Aen
The Hans India	1543651200	76000 Data Analytics jobs are vacant in India: Report	The days of traditional data crunching, a method which was not just timeconsuming but could not deliver actional insights in real time are long gone Today, ...	https://news.google.com/articles/CBMieWh0dHBzOi8vd3d3LnRoZWhhbnNpbmRpYS5jb20vcG9zdHMvaW5kZXgvVGVjaC1OZXdzLzIwMTgtMTItMDEvNzYwMDAtRGF0YS1BbmFseXRpY3Mtam9icy1hcmUtdmFjYW50LWluLUluZGlhLVJlcG9ydC80NTA4MTbSAcYBaHR0cHM6Ly93d3ctdGhlaGFuc2luZGlhLWNvbS5jZG4uYW1wcHJvamVjdC5vcmcvdi9zL3d3dy50aGVoYW5zaW5kaWEuY29tL3Bvc3RzL2luZGV4L1RlY2gtTmV3cy8yMDE4LTEyLTAxLzc2MDAwLURhdGEtQW5hbHl0aWNzLWpvYnMtYXJlLXZhY2FudC1pbi1JbmRpYS1SZXBvcnQvNDUwODE2P2FtcF9qc192PTAuMSN3ZWJ2aWV3PTEmY2FwPXN3aXBl?hl=en-IN&gl=IN&ceid=IN%3Aen
Forbes	1536217200	8 Real Challenges Data Scientists Face	Here are eight common challenges data scientists face, including understanding business goals, communication with non-technical colleagues, and ongoing ...	https://news.google.com/articles/CAIiENVmPRDGKRcd7hQ2E8GICcwqFQgEKg0IACoGCAowrqkBMKBFMMGBAg?hl=en-IN&gl=IN&ceid=IN%3Aen
Analytics India Magazine	1526626800	How To Convert Data Science And Machine Learning Internships Into Jobs	How can one maximise their internship experience and convert it into a job offer.Getting an internship means getting one foot inside the door and applying ...	https://news.google.com/articles/CBMiaWh0dHBzOi8vd3d3LmFuYWx5dGljc2luZGlhbWFnLmNvbS9ob3ctdG8tY29udmVydC1kYXRhLXNjaWVuY2UtYW5kLW1hY2hpbmUtbGVhcm5pbmctaW50ZXJuc2hpcHMtaW50by1qb2JzL9IBAA?hl=en-IN&gl=IN&ceid=IN%3Aen
Analytics India Magazine	1542182400	7 Things Data Scientists Must Have In Their Resumes	Here are some key skills that go in a resume which make for a good and professional data scientist ir analytics professional.	https://news.google.com/articles/CAIiEDXmT0EM2WLxga2_aPDe5ccqGQgEKhAIACoHCAowiv6GCzDhmIUDMKKElgY?hl=en-IN&gl=IN&ceid=IN%3Aen
Datanami	1537167600	Improving Your Odds with Data Science Hiring	If you're in the market to hire a data scientist, good luck. Demand continues to outpace supply thanks to the unique abilities of data scientists and.	https://news.google.com/articles/CBMiUWh0dHBzOi8vd3d3LmRhdGFuYW1pLmNvbS8yMDE4LzA5LzE3L2ltcHJvdmluZy15b3VyLW9kZHMtd2l0aC1kYXRhLXNjaWVuY2UtaGlyaW5nL9IBAA?hl=en-IN&gl=IN&ceid=IN%3Aen
Information Age	1543996800	2019 will see automation of automation, but will data scientists see pay rise?	2019 will see the start of two dramatic changes applying to data scientists: and in an interview, Jeremy Achin, CEO of DataRobot told Information Age more.	https://news.google.com/articles/CBMifWh0dHBzOi8vd3d3LmluZm9ybWF0aW9uLWFnZS5jb20vd2lsbC0yMDE5LXNlZS10aGUtYXV0b21hdGlvbi1vZi1hdXRvbWF0aW9uLWFuZC1wdXNoLXVwLXNhbGFyaWVzLW9mLWRhdGEtc2NpZW50aXN0cy0xMjM0NzcwNDUv0gEA?hl=en-IN&gl=IN&ceid=IN%3Aen
Bloomberg	1526626800	This Is America’s Hottest Job	Murray Webb had been a lackluster student more interested in sports than schoolwork while attending a small Virginia college. Then he transferred to Kennesaw ...	https://news.google.com/articles/CBMicmh0dHBzOi8vd3d3LmJsb29tYmVyZy5jb20vbmV3cy9hcnRpY2xlcy8yMDE4LTA1LTE4Ly1zZXhpZXN0LWpvYi1pZ25pdGVzLXRhbGVudC13YXJzLWFzLWRlbWFuZC1mb3ItZGF0YS1nZWVrcy1zb2Fyc9IBwAFodHRwczovL3d3dy1ibG9vbWJlcmctY29tLmNkbi5hbXBwcm9qZWN0Lm9yZy92L3Mvd3d3LmJsb29tYmVyZy5jb20vYW1wL25ld3MvYXJ0aWNsZXMvMjAxOC0wNS0xOC8tc2V4aWVzdC1qb2ItaWduaXRlcy10YWxlbnQtd2Fycy1hcy1kZW1hbmQtZm9yLWRhdGEtZ2Vla3Mtc29hcnM_YW1wX2pzX3Y9MC4xI3dlYnZpZXc9MSZjYXA9c3dpcGU?hl=en-IN&gl=IN&ceid=IN%3Aen
Siliconrepublic.com	1541142000	'With a basic degree, you can learn data science on the job'	We need skills and leadership to make the most of data, according to Jennifer Cruise from the Aon Centre for Innovation and Analytics.	https://news.google.com/articles/CBMiSWh0dHBzOi8vd3d3LnNpbGljb25yZXB1YmxpYy5jb20vY2FyZWVycy9qZW5uaWZlci1jcnVpc2UtYWNpYS1kYXRhLXNjaWVuY2XSAQA?hl=en-IN&gl=IN&ceid=IN%3Aen
Chicago Daily Herald	1527318000	Is data science tech's 'sexiest job'? Talent wars say so	People with data science bona fides are among the most sought-after professionals in business, with some data science Ph.Ds commanding as much as ...	https://news.google.com/articles/CBMiYmh0dHBzOi8vd3d3LmRhaWx5aGVyYWxkLmNvbS9idXNpbmVzcy8yMDE4MDUyNi9pcy1kYXRhLXNjaWVuY2UtdGVjaHMtc2V4aWVzdC1qb2ItdGFsZW50LXdhcnMtc2F5LXNv0gGQAWh0dHBzOi8vd3d3LWRhaWx5aGVyYWxkLWNvbS5jZG4uYW1wcHJvamVjdC5vcmcvdi9zL3d3dy5kYWlseWhlcmFsZC5jb20vYW1wLWFydGljbGUvMjAxODA1MjYvYnVzaW5lc3MvMTgwNTI5NDk5Lz9hbXBfanNfdj0wLjEjd2Vidmlldz0xJmNhcD1zd2lwZQ?hl=en-IN&gl=IN&ceid=IN%3Aen
TechRepublic	1545897600	Why Python is the real programming language of data science, not R	There is significantly less job demand for data engineers proficient in R than those proficient in Python, according to a Cloud Academy report.	https://news.google.com/articles/CBMiW2h0dHBzOi8vd3d3LnRlY2hyZXB1YmxpYy5jb20vYXJ0aWNsZS93aHktcHl0aG9uLWlzLXRoZS1yZWFsLWxhbmd1YWdlLW9mLWRhdGEtc2NpZW5jZS1ub3Qtci_SAbMBaHR0cHM6Ly93d3ctdGVjaHJlcHVibGljLWNvbS5jZG4uYW1wcHJvamVjdC5vcmcvdi9zL3d3dy50ZWNocmVwdWJsaWMuY29tL2dvb2dsZS1hbXAvYXJ0aWNsZS93aHktcHl0aG9uLWlzLXRoZS1yZWFsLWxhbmd1YWdlLW9mLWRhdGEtc2NpZW5jZS1ub3Qtci8_YW1wX2pzX3Y9MC4xI3dlYnZpZXc9MSZjYXA9c3dpcGU?hl=en-IN&gl=IN&ceid=IN%3Aen
Quartz	1528182000	India has the most number of data analytics jobs after US	If ever there was a gold rush for data scientist jobs, India would be ground zero—or almost. After all, the country now accounts for one in 10 such openings in the ...	https://news.google.com/articles/CBMiV2h0dHBzOi8vcXouY29tL2luZGlhLzEyOTc0OTMvaW5kaWEtaGFzLXRoZS1tb3N0LW51bWJlci1vZi1kYXRhLWFuYWx5dGljcy1qb2JzLWFmdGVyLXVzL9IBmgFodHRwczovL3F6LWNvbS5jZG4uYW1wcHJvamVjdC5vcmcvdi9zL3F6LmNvbS9pbmRpYS8xMjk3NDkzL2luZGlhLWhhcy10aGUtbW9zdC1udW1iZXItb2YtZGF0YS1hbmFseXRpY3Mtam9icy1hZnRlci11cy9hbXAvP2FtcF9qc192PTAuMSN3ZWJ2aWV3PTEmY2FwPXN3aXBl?hl=en-IN&gl=IN&ceid=IN%3Aen
The Conversation - US	1539068400	Statistics and data science degrees: Overhyped or the real deal?	“Data science” is hot right now. The number of undergraduate degrees in statistics has tripled in the past decade, and as a statistics professor, I can tell you that it ...	https://news.google.com/articles/CAIiEIsjwNQdhYELfXlxSCcmmroqGQgEKhAIACoHCAowzLvzCjDzxNMCMNTTogU?hl=en-IN&gl=IN&ceid=IN%3Aen
Global News	1540796400	Hot Jobs: The $100K entry-level job you can get here in Canada	Cut-throat competition to hire the best and brightest tech graduates to work on data analytics, artificial intelligence (AI) and blockchain are driving up salaries for ...	https://news.google.com/articles/CAIiEBK1cDdrrdzD2Nxgyx4Xs6IqGQgEKhAIACoHCAowqeP_CjDdg_oCMMTh6QU?hl=en-IN&gl=IN&ceid=IN%3Aen
insideBIGDATA	1545897600	The Data Scientist Shortage is Huge. Here's How to Beat It.	In this special guest feature, Roberto Reif, Executive Director, Professional Development at Metis, discusses how the worldwide deficit of data scientists is real, ...	https://news.google.com/articles/CBMiTWh0dHBzOi8vaW5zaWRlYmlnZGF0YS5jb20vMjAxOC8xMi8yNy9kYXRhLXNjaWVudGlzdC1zaG9ydGFnZS1odWdlLWhlcmVzLWJlYXQv0gEA?hl=en-IN&gl=IN&ceid=IN%3Aen
Siliconrepublic.com	1539586800	These 8 firms are all hiring in data science right now	If you want to enter into the whirlwind world of data science, these innovative companies are all hiring right now.	https://news.google.com/articles/CBMiQmh0dHBzOi8vd3d3LnNpbGljb25yZXB1YmxpYy5jb20vam9icy9kYXRhLXNjaWVuY2UtY29tcGFuaWVzLWhpcmluZ9IBAA?hl=en-IN&gl=IN&ceid=IN%3Aen
Economic Times	1531206000	India’s demand for data scientists grows over 400%: Report	India has seen more than 400% rise in demand for data science professionals across varied industry sectors at a time when the supply of such talent witnesses ...	https://news.google.com/articles/CBMiemh0dHBzOi8vZWNvbm9taWN0aW1lcy5pbmRpYXRpbWVzLmNvbS9qb2JzL2luZGlhcy1kZW1hbmQtZm9yLWRhdGEtc2NpZW50aXN0cy1ncm93cy1vdmVyLTQwMC1yZXBvcnQvYXJ0aWNsZXNob3cvNjQ5MzAzNTUuY21z0gHBAWh0dHBzOi8vbS1lY29ub21pY3RpbWVzLWNvbS5jZG4uYW1wcHJvamVjdC5vcmcvdi9zL20uZWNvbm9taWN0aW1lcy5jb20vam9icy9pbmRpYXMtZGVtYW5kLWZvci1kYXRhLXNjaWVudGlzdHMtZ3Jvd3Mtb3Zlci00MDAtcmVwb3J0L2FtcF9hcnRpY2xlc2hvdy82NDkzMDM1NS5jbXM_YW1wX2pzX3Y9MC4xI3dlYnZpZXc9MSZjYXA9c3dpcGU?hl=en-IN&gl=IN&ceid=IN%3Aen
The Tennessean	1542441600	Are you a data scientist? Nashville needs you. | Opinion	The Middle Tennessee region is a fast-growing tech economy, but there aren't enough data scientists to keep up.	https://news.google.com/articles/CBMidmh0dHBzOi8vd3d3LnRlbm5lc3NlYW4uY29tL3N0b3J5L29waW5pb24vMjAxOC8xMS8xNy9uYXNodmlsbGUtZGF0YS1zY2llbnRpc3Qtam9icy1hdmFpbGFibGUtdGFraW5nLW9waW5pb24vMjAxMjUyMjAwMi_SAXRodHRwczovL2FtcC10ZW5uZXNzZWFuLWNvbS5jZG4uYW1wcHJvamVjdC5vcmcvdi9zL2FtcC50ZW5uZXNzZWFuLmNvbS9hbXAvMjAxMjUyMjAwMj9hbXBfanNfdj0wLjEjd2Vidmlldz0xJmNhcD1zd2lwZQ?hl=en-IN&gl=IN&ceid=IN%3Aen
Times of India	1543564800	Data analytics industry suffers skill gap	India Business News: Chennai: Almost 76000 data analytics job roles remain vacant in India, despite a 76% jump in the opportunities created in the field ...	https://news.google.com/articles/CAIiEO4ayjBJHiFGDCDbCZ55CKcqGQgEKhAIACoHCAowzrL9CjDC7vQCMJCT1wU?hl=en-IN&gl=IN&ceid=IN%3Aen
The Bentley University Newsroom	1541491200	New Data Analytics Major Prepares Students for Jobs in High Demand	Data scientists, data engineers and business analysts are in high demand in the job market, but applicants often lack the range of skills critical for those positions ...	https://news.google.com/articles/CBMiXGh0dHBzOi8vd3d3LmJlbnRsZXkuZWR1L3ByZXBhcmVkL25ldy1kYXRhLWFuYWx5dGljcy1tYWpvci1wcmVwYXJlcy1zdHVkZW50cy1qb2JzLWhpZ2gtZGVtYW5k0gEA?hl=en-IN&gl=IN&ceid=IN%3Aen
Techopedia	1545811200	Job Role: Data Analyst	Data analysts are people who collect data and use that data to provide insights. They are “translators” of raw data into digestible information.	https://news.google.com/articles/CBMiOGh0dHBzOi8vd3d3LnRlY2hvcGVkaWEuY29tL2pvYi1yb2xlLWRhdGEtYW5hbHlzdC8yLzMzNjY10gEA?hl=en-IN&gl=IN&ceid=IN%3Aen
Siliconrepublic.com	1525935600	6 tips for someone who wants to be a data scientist	If you want to be a data scientist, what do you need to know? We asked some of the top employers for advice.	https://news.google.com/articles/CBMiP2h0dHBzOi8vd3d3LnNpbGljb25yZXB1YmxpYy5jb20vYWR2aWNlL3RpcHMtZGF0YS1zY2llbnRpc3Qtam9ic9IBAA?hl=en-IN&gl=IN&ceid=IN%3Aen
Forbes	1525417200	The Salaries Of Data Scientists Remain Steady But Still Sexy With AI On The Horizon	The just-published 5th-annual Burtch Works Study: Salaries of Data Scientists provides *fresh* insights into the compensation trends for those holding the sexiest ...	https://news.google.com/articles/CBMihQFodHRwczovL3d3dy5mb3JiZXMuY29tL3NpdGVzL2dpbHByZXNzLzIwMTgvMDUvMDQvdGhlLXNhbGFyaWVzLW9mLWRhdGEtc2NpZW50aXN0cy1yZW1haW4tc3RlYWR5LWJ1dC1zdGlsbC1zZXh5LXdpdGgtYWktb24tdGhlLWhvcml6b24v0gHQAWh0dHBzOi8vd3d3LWZvcmJlcy1jb20uY2RuLmFtcHByb2plY3Qub3JnL3Yvcy93d3cuZm9yYmVzLmNvbS9zaXRlcy9naWxwcmVzcy8yMDE4LzA1LzA0L3RoZS1zYWxhcmllcy1vZi1kYXRhLXNjaWVudGlzdHMtcmVtYWluLXN0ZWFkeS1idXQtc3RpbGwtc2V4eS13aXRoLWFpLW9uLXRoZS1ob3Jpem9uL2FtcC8_YW1wX2pzX3Y9MC4xI3dlYnZpZXc9MSZjYXA9c3dpcGU?hl=en-IN&gl=IN&ceid=IN%3Aen
YourStory	1533711600	Are data scientists the highest paid professionals?	There is a lot of hype globally around the field of big data and data analytics, driving demand for well-trained data scientists.	https://news.google.com/articles/CAIiEAll49Og21CET0jFm548UQAqGQgEKhAIACoHCAow6-iECzC_7YEDMIfQhAY?hl=en-IN&gl=IN&ceid=IN%3Aen
Insurance Journal	1543824000	Actuaries Face Uncertainty Amid Encroachment by Data Scientists	Riley Howsden has one of those hip jobs everyone loves to hate. He works at L.A.-based video game producer Riot Games, where business attire includes.	https://news.google.com/articles/CBMiRGh0dHBzOi8vd3d3Lmluc3VyYW5jZWpvdXJuYWwuY29tL25ld3MvbmF0aW9uYWwvMjAxOC8xMi8wMy81MTA4MDQuaHRt0gGVAWh0dHBzOi8vYW1wLWluc3VyYW5jZWpvdXJuYWwtY29tLmNkbi5hbXBwcm9qZWN0Lm9yZy92L3MvYW1wLmluc3VyYW5jZWpvdXJuYWwuY29tL25ld3MvbmF0aW9uYWwvMjAxOC8xMi8wMy81MTA4MDQuaHRtP2FtcF9qc192PTAuMSN3ZWJ2aWV3PTEmY2FwPXN3aXBl?hl=en-IN&gl=IN&ceid=IN%3Aen
Analytics India Magazine	1544774400	Become A Freelance Data Scientist And Be Your Own Boss	Data science has emerged as one of the winning careers to pursue in the recent years and if want to freelance as a data scientist, here is how you can do it.	https://news.google.com/articles/CAIiEK7_-EULwg7bErFIKSi3yvIqGQgEKhAIACoHCAowiv6GCzDhmIUDMKKElgY?hl=en-IN&gl=IN&ceid=IN%3Aen
The Seattle Times	1532934000	Want a job in data science? There may be a test	Data analytics is becoming more vital for businesses, and data scientists are in high demand. But the emerging field is broad, and some companies say they ...	https://news.google.com/articles/CBMiXGh0dHBzOi8vd3d3LnNlYXR0bGV0aW1lcy5jb20vZXhwbG9yZS9jYXJlZXJzL3dhbnQtYS1qb2ItaW4tZGF0YS1zY2llbmNlLXRoZXJlLW1heS1iZS1hLXRlc3Qv0gGvAWh0dHBzOi8vd3d3LXNlYXR0bGV0aW1lcy1jb20uY2RuLmFtcHByb2plY3Qub3JnL3Yvcy93d3cuc2VhdHRsZXRpbWVzLmNvbS9leHBsb3JlL2NhcmVlcnMvd2FudC1hLWpvYi1pbi1kYXRhLXNjaWVuY2UtdGhlcmUtbWF5LWJlLWEtdGVzdC8_YW1wPTEmYW1wX2pzX3Y9MC4xI3dlYnZpZXc9MSZjYXA9c3dpcGU?hl=en-IN&gl=IN&ceid=IN%3Aen
Analytics India Magazine	1546848000	5 Data Analyst Job Openings At JPMorgan Chase You Should Not Miss	JPMorgan Chase and Co. is one of the most lucrative options for those seeking to get into a role as a data analyst in today's job market. The firm...	https://news.google.com/articles/CAIiEEaDzbeNF7Bscy_9d6e1y00qGQgEKhAIACoHCAowiv6GCzDhmIUDMKKElgY?hl=en-IN&gl=IN&ceid=IN%3Aen
TechRepublic	1531378800	10 questions data scientists should ask employers during a job interview	Looking for a data scientist job? Here are some questions you should prepare to ask during your interview.	https://news.google.com/articles/CBMibmh0dHBzOi8vd3d3LnRlY2hyZXB1YmxpYy5jb20vYXJ0aWNsZS8xMC1xdWVzdGlvbnMtZGF0YS1zY2llbnRpc3RzLXNob3VsZC1hc2stZW1wbG95ZXJzLWR1cmluZy1hLWpvYi1pbnRlcnZpZXcv0gHGAWh0dHBzOi8vd3d3LXRlY2hyZXB1YmxpYy1jb20uY2RuLmFtcHByb2plY3Qub3JnL3Yvcy93d3cudGVjaHJlcHVibGljLmNvbS9nb29nbGUtYW1wL2FydGljbGUvMTAtcXVlc3Rpb25zLWRhdGEtc2NpZW50aXN0cy1zaG91bGQtYXNrLWVtcGxveWVycy1kdXJpbmctYS1qb2ItaW50ZXJ2aWV3Lz9hbXBfanNfdj0wLjEjd2Vidmlldz0xJmNhcD1zd2lwZQ?hl=en-IN&gl=IN&ceid=IN%3Aen
Analytics India Magazine	1542355200	Top 5 Key Skills A Good Data Scientist Should Have	Data scientist job roles are hugely in demand and are turning out to be a lucrative career option. However, candidates need to be adept in a wide array of skills ...	https://news.google.com/articles/CAIiEHJuDyhSocaM7w69X0H7nHcqGQgEKhAIACoHCAowiv6GCzDhmIUDMKKElgY?hl=en-IN&gl=IN&ceid=IN%3Aen
San Francisco Chronicle	1539932400	Data science, the ‘new Latin’ for students, in demand in Silicon Valley	David Wagner had a question for his students. Standing in front of one of the fastest-growing classes at UC Berkeley, the professor explained lines of code used ...	https://news.google.com/articles/CAIiEEJiouHbYKPZZ0Q_Y25KucoqGQgEKhAIACoHCAowk-T4CjDyst8CMNTtwwU?hl=en-IN&gl=IN&ceid=IN%3Aen
Analytics India Magazine	1546416000	5 Data Science Opportunities At Walmart Labs India You Should Not Miss Out	With the purchase of Flipkart, Walmart has gained a firm footing in India.Here are list of 5 data science jobs at Walmart labs, India.	https://news.google.com/articles/CAIiEHfveEQgpLmjBbwC-wpM4OwqGQgEKhAIACoHCAowiv6GCzDhmIUDMKKElgY?hl=en-IN&gl=IN&ceid=IN%3Aen
Chicago Tribune	1527750000	Lots of data science jobs, not enough workers. TransUnion hopes new UIC professorship can help change that.	TransUnion, the Chicago-based credit reporting agency, has funded the creation of a new professor position at the University of Illinois at Chicago in hopes of ...	https://news.google.com/articles/CAIiEFc9Jae9FvPgiFHNz3ScTMAqFwgEKg4IACoGCAowlPVUMLXBDDDinoYD?hl=en-IN&gl=IN&ceid=IN%3Aen
Analytics India Magazine	1542787200	Top Interview Questions For A Data Engineer Job Profile	If you are applying for a data engineer role, these are the most likely questions that you might be asked.	https://news.google.com/articles/CAIiEJp02aL5tw3GTwPg4r8JgoEqGQgEKhAIACoHCAowiv6GCzDhmIUDMKKElgY?hl=en-IN&gl=IN&ceid=IN%3Aen
BW Businessworld	1528182000	More than 90 000 jobs available in Data Science and analytics in India Report	At a point when new job creation in India is at a standstill in most sectors, Data Science & Analytics is providing the silver lining. According to the Analytics and ...	https://news.google.com/articles/CBMiiQFodHRwOi8vYndwZW9wbGUuYnVzaW5lc3N3b3JsZC5pbi9hcnRpY2xlL01vcmUtdGhhbi05MC0wMDAtam9icy1hdmFpbGFibGUtaW4tRGF0YS1TY2llbmNlLWFuZC1hbmFseXRpY3MtaW4tSW5kaWEtUmVwb3J0LS8wNS0wNi0yMDE4LTE1MTA5NdIBAA?hl=en-IN&gl=IN&ceid=IN%3Aen
Analytics India Magazine	1543824000	If Your Answer To These Questions Is Yes, Then It's Time To Switch Your Career To Data Science	With a growing demand for data scientist jobs, many people from different backgrounds in engineering, mathematics and even pure sciences like physics, are ...	https://news.google.com/articles/CAIiEOW_ohJABk5i_ttjBak2LBgqGQgEKhAIACoHCAowiv6GCzDhmIUDMKKElgY?hl=en-IN&gl=IN&ceid=IN%3Aen
Built In Chicago	1545176710	Data Scientist - Hireology	Hireology is hiring for a Data Scientist in Chicago. Find more details about the job and how to apply at Built In Chicago.	https://news.google.com/articles/CBMiPGh0dHBzOi8vd3d3LmJ1aWx0aW5jaGljYWdvLm9yZy9qb2IvZGF0YS9kYXRhLXNjaWVudGlzdC82OTg3OdIBAA?hl=en-IN&gl=IN&ceid=IN%3Aen
Qrius	1529996400	Indian engineers are not prepared for data science jobs. Here's why	"Dubbed by the Harvard Business Review as the ""Sexiest Job of the 21st Century"", data scientists have the tedious and crucial job of converting overwhelmingly ..."	https://news.google.com/articles/CBMiVGh0dHBzOi8vcXJpdXMuY29tL2luZGlhbi1lbmdpbmVlcnMtYXJlLW5vdC1wcmVwYXJlZC1mb3ItZGF0YS1zY2llbmNlLWpvYnMtaGVyZXMtd2h5L9IBAA?hl=en-IN&gl=IN&ceid=IN%3Aen
Mashable	1536476400	Online courses in data science that could help you snag a new job	Move over, software developers. The sexist job title award now goes to data scientists. SEE ALSO: Take this online class and learn how to make Insta-money.	https://news.google.com/articles/CAIiEGjtZ6Ma9QPzJtne91RzyAoqIggEKhoIACIQd3d3Lm1hc2hhYmxlLmNvbSoECAowCDChmB4?hl=en-IN&gl=IN&ceid=IN%3Aen
Information Age	1537858800	80% of UK businesses looking to hire a data scientist in 2019	Survey of company leaders shows the vast majority are planning to hire a data scientist as economic uncertainty continues.	https://news.google.com/articles/CBMiRGh0dHBzOi8vd3d3LmluZm9ybWF0aW9uLWFnZS5jb20vaGlyZS1kYXRhLXNjaWVudGlzdC1pMjAxOS0xMjM0NzQ5OTUv0gEA?hl=en-IN&gl=IN&ceid=IN%3Aen
